{
  "token_acc":1.0,
  "token_p":1.0,
  "token_r":1.0,
  "token_f":1.0,
  "ents_p":0.9655765921,
  "ents_r":0.9705882353,
  "ents_f":0.9680759275,
  "ents_per_type":{
    "COLOR":{
      "p":0.9655765921,
      "r":0.9705882353,
      "f":0.9680759275
    }
  },
  "speed":930.2271507659
}