{
  "token_acc":1.0,
  "token_p":1.0,
  "token_r":1.0,
  "token_f":1.0,
  "ents_p":0.9809027778,
  "ents_r":0.9775086505,
  "ents_f":0.979202773,
  "ents_per_type":{
    "COLOR":{
      "p":0.9809027778,
      "r":0.9775086505,
      "f":0.979202773
    }
  },
  "speed":3136.2959362969
}